#TAG,NAME IN REPO (or git url),PURPOSE (should be a verb phrase to sound right while installing)

# Core System
,base,"is the minimal package set for Arch Linux"
,base-devel,"provides basic tools for building packages"
,linux,"is the Linux kernel"
,linux-firmware,"provides firmware files for Linux"
,grub,"is the GNU bootloader"
,efibootmgr,"is an EFI boot manager"
,intel-ucode,"provides Intel processor microcode"

# System Services & Libraries
,bash-completion,"provides programmable completion for Bash"
,brightnessctl,"allows reading and controlling device brightness"
,dmidecode,"is a Desktop Management Interface table decoder"
,dosfstools,"provides DOS filesystem utilities"
,fuse2,"is a filesystem in userspace"
,inotify-tools,"provides tools for inotify"
,man-db,"is the manual page database"
,pacman-contrib,"provides contributed scripts for pacman"
,pigz,"is parallel gzip"
,power-profiles-daemon,"is a power profile switching daemon"
,powertop,"is a power consumption analyzer"
,udisks2,"is a disk management service"
,i2c-tools,"is a set of I2C tools use dto be part of lm-sensors"
,iio-sensor-proxy,"is a IIO accelerometer sensor to input device proxy"
,plymouth,"is a boot splash framework"
,polkit-gnome,"is the GNOME authentication agent for PolicyKit"
,xdg-dbus-proxy,"is a D-Bus proxy for sandboxed applications"
,xdg-user-dirs,"provides user directory management"
,gst-plugin-pipewire,"is the GStreamer PipeWire plugin"
,libpulse,"provides PulseAudio client libraries"
,lsp-plugins-lv2,
,pipewire,"is a low-latency audio/video server"
,pipewire-alsa,"provides ALSA configuration for PipeWire"
,pipewire-jack,"is the JACK replacement for PipeWire"
,pipewire-pulse,"is the PulseAudio replacement for PipeWire"
,sof-firmware,"is the Sound Open Firmware"
,wireplumber,"is the session/policy manager for PipeWire"
,qt5-declarative,"is the Qt5 declarative framework"
,qt5-graphicaleffects,"provides Qt5 graphical effects"
,qt5-imageformats,"provides Qt5 image format plugins"
,qt5-svg,"provides Qt5 SVG support"
,qt6-imageformats,"provides Qt6 image format plugins"
,qt6-multimedia,"is the Qt6 multimedia framework"
,qt6-quicktimeline,
,qt6-sensors,
,qt6-tools,"provides Qt6 development tools"
,qt6-virtualkeyboard,
,gvfs,"is a virtual filesystem implementation"
,gvfs-mtp,"is the MTP backend for gvfs"
,tumbler,"is a thumbnail service"
,noto-fonts-emoji,"provides emoji fonts"
,otf-font-awesome,"is the Font Awesome icon font"
,papirus-icon-theme,"is an SVG icon theme"
,ttf-dejavu,"provides DejaVu fonts"
,ttf-jetbrains-mono-nerd,"is the JetBrains Mono Nerd Font"
,woff2-font-awesome,
A,ttf-material-symbols-variable-git,"provides Material Symbols variable font"
,gnome-themes-extra,"provides extra themes for GNOME applications"
,bind,"provides DNS server and utilities"
,iwd,"is the Internet Wireless Daemon"
,ldns,"is a DNS library"
,networkmanager,"is a network connection manager"
,networkmanager-openvpn,"is the OpenVPN plugin for NetworkManager"
,unbound,"is a validating DNS resolver"
,bluez,"is the Linux Bluetooth protocol stack"
,bluez-utils,"provides Bluetooth utilities"
,gnome-bluetooth-3.0,"is the GNOME Bluetooth subsystem"
,libvirt,"is a virtualization API"
,spice,"is a remote computing protocol"
,python-libevdev,
,python-passlib,"is a password hashing library"
,python-pipx,"installs Python applications in isolated environments"
,python-setuptools,"provides Python packaging utilities"
,python-qrcode,"is a QR code generator library"
,python-adblock,"is the Brave adblock python library for adblocking in qutebrowser"
,hunspell-en_us,"is the English (US) dictionary for Hunspell"
,hunspell-fr,"is the French dictionary for Hunspell"
,poppler,"is a PDF rendering library"
,poppler-data,"provides encoding data for poppler"
,tesseract,"is an OCR engine"
,tesseract-data-eng,"provides English language data for Tesseract"
,hypridle,"is the Hyprland idle daemon"
,hyprland,"is a dynamic tiling Wayland compositor"
,squeekboard,"is an on-screen keyboard for Wayland"
,xdg-desktop-portal-hyprland,"is the desktop portal for Hyprland"
A,iio-hyprland-git,"is a daemon to enable automatic rotation using iio-proxy-sensor"
A,pam_autologin,"is a PAM autologin module"
,rust,"is a multi-paradigm, general-purpose programming language"
,sccache,"is a ccache-like tool i use for rust"
G,git@github.com:sudo-Tiz/minecraft-plymouth-theme.git,"is a minecraft plymouth theme"
G,git@github.com:sudo-Tiz/minegrub-theme.git,"is a minecraft grub theme"
# Probably not usefull for you
G,git@github.com:sudo-Tiz/asus-numpad.git,"is a numpud trackpad driver for asus laptops"

# CLI Tools
,bat,"is a cat clone with syntax highlighting"
,bc,"is a mathematics language used for calculations"
,eza,"is a modern replacement for ls"
,fd,"is a simple, fast alternative to find"
,fzf,"is a command-line fuzzy finder"
,jq,"is a JSON processor"
,ripgrep,"is a fast grep alternative"
,yazi,"is a terminal file manager"
,yq,"is a YAML processor"
,zsh,"is the Z shell"
,zsh-autosuggestions,"provides fish-like autosuggestions for ZSH"
A,zsh-theme-powerlevel10k-bin-git,"is the Powerlevel10k ZSH theme"
,ansible,"is an IT automation platform"
,cmake,"is a cross-platform build system"
,docker,"is a container platform"
,docker-compose,"is a tool for defining multi-container Docker applications"
,git,"is a distributed version control system"
,just,"is a command runner"
,meson,"is a build system"
,neovim,"is a Vim-based text editor"
A,vscodium-insiders-bin,"provides free/libre open source binaries of VSCode"
A,agru,"is a fast ansible-galaxy replacement"
,nmap,"is a network exploration tool"
,rclone,"is a cloud storage synchronization tool"
,smbclient,"is an SMB/CIFS client"
,bitwarden-cli,"is the Bitwarden command-line interface"
,pass,"is the standard Unix password manager"
,pass-otp,"is the OTP extension for pass"
,rbw,"is a Bitwarden CLI client"
A,pass-import,"imports data to the pass password store"
,android-tools,"provides Android SDK platform tools"
,scrcpy,"is an Android screen mirroring tool"
A,simple-mtpfs,"enables mounting of cell phones"
,7zip,"is a file archiver with high compression ratio"
,atool,"is an archive tool wrapper"
,unzip,"is an extraction utility for ZIP archives"
,zip,"creates ZIP archives"
,yt-dlp,"can download YouTube videos"
,btop,"is a resource monitor"
,htop,"is an interactive process viewer"
,nvtop,"is a GPU process monitor"
,fastfetch,"is a system information fetching tool"
,cpio,"copies files to/from archives"
,foot,"is a fast, lightweight Wayland terminal emulator"
,wev,"is a Wayland event viewer"
,wl-clipboard,"provides Wayland clipboard utilities"
,wtype,"is a Wayland keyboard input tool"
A,grimblast-git,"is a screenshot tool for Hyprland"
,pulsemixer,"is a CLI/curses mixer for PulseAudio"
,playerctl,"is a media player controller"
,cava,"is a console-based audio visualizer"
,chafa,"provides terminal graphics for the 21st century"
,imagemagick,"is an image manipulation library"

# Applications
,firefox,"is a web browser"
,qutebrowser,"is a keyboard-driven web browser"
A,brave-bin,"is a privacy-focused web browser"
,torbrowser-launcher,"is the Tor Browser launcher"
,signal-desktop,"is the Signal messenger desktop app"
,thunderbird,"is an email client"
,steam,"is a gaming platform"
,luanti,"is a voxel game and game creation platform"
,gnome-chess,"is a chess game for GNOME"
,transmission-gtk,"is the BitTorrent client GTK+ interface"
A,ulauncher,"is an application launcher for Linux"
,newsboat,"is an RSS/Atom feed reader"
,ollama,"allows running large language models locally"
,mixxx,"is DJ software"
,mpv,"is a media player"
,pavucontrol,"is a PulseAudio volume control"
,reaper,"is a digital audio workstation"
,nsxiv,"is Neo Simple X Image Viewer"
,file-roller,"is an archive manager for GNOME"
,veracrypt,"is disk encryption software"
,pdfjs,"is a PDF reader in JavaScript"
,xournalpp,"is handwriting notetaking software"
,zathura,"is a document viewer"
,zathura-pdf-poppler,"provides PDF support for Zathura"
,touchegg,"is a multitouch gesture recognizer"
A,touche,"is a touchpad and touchscreen gesture recognizer"
,network-manager-applet,"is the NetworkManager system tray applet"
,networkmanager-dmenu,
,nm-connection-editor,"is the NetworkManager connection editor"
,blueman,"is a GTK+ Bluetooth manager"
,qemu-desktop,"is the desktop QEMU emulator"
,qemu-emulators-full,"provides all QEMU emulators"
,virt-manager,"is a virtual machine manager"
,virt-viewer,"is a virtual machine viewer"
A,waydroid,"is an Android container for Linux"
,hyprsunset,"is a blue light filter for Hyprland"
,swappy,"is a Wayland screenshot editor"
,swaybg,"is a wallpaper tool for Wayland"
,wofi,"is a Wayland-native application launcher"
,cliphist,"is a Wayland clipboard manager"
,thunar,"is a file manager for Xfce"
,thunar-archive-plugin,"is an archive plugin for Thunar"
,thunar-media-tags-plugin,"is a media tags plugin for Thunar"
,thunar-volman,"is the Thunar volume manager"
,nwg-displays,"is an output management utility for sway and Hyprland Wayland compositors"
,nwg-icon-picker,"is a GTK icon chooser with a text search option"
,nwg-drawer,"is an application menu"
A,syshud,"is an OSD"
A,ashell-git,"is a status bar"
